City,State,Latitude,Longitude
Big Cabin,OK,36.533954,-95.224568
Tomah,WI,43.983826,-90.473336
Gila Bend,AZ,32.94782,-112.71683
Fort Smith,AR,35.366188,-94.416458
Columbia,NJ,40.92621,-75.09268
Mount Jackson,VA,38.785693,-78.680304
Jarrell,TX,30.811931,-97.594186
Shorter,AL,32.383939,-85.910123
Seymour,IN,38.944827,-86.010789
Council Bluffs,IA,41.23238,-95.875086
Sterling,ND,46.876069,-100.277434
Montrose,CO,38.484148,-107.770845
Laurel,DE,38.5565,-75.57131
New Castle,DE,39.592895,-75.651466
Ellenton,FL,27.546332,-82.496732
Dumont,CO,39.76471,-105.60028
Crawfordville,GA,33.577007,-82.858099
Bridgeport,MI,,
Lupton,AZ,35.35391,-109.0537
Eloy,AZ,32.914889,-111.261161
Henderson,KY,37.807173,-87.599052
Effingham,IL,39.116649,-88.545705
Atkinson,IL,41.405502,-89.998274
Daleville,IN,40.143843,-85.508457
Fort Wayne,IN,41.065397,-85.15842
Gothenburg,NE,40.945256,-100.129125
Jacksonville,FL,30.389438,-81.680806
Denham Springs,LA,30.607221,-90.907376
Lake Station,IN,41.57504,-87.23892
Hebron,IN,41.347188,-87.152358
Nacogdoches,TX,31.558383,-94.504452
Moorcroft,WY,44.415431,-104.838916
Latimer,IA,42.782628,-93.389744
Clear Lake,IA,43.13802,-93.37937
Stuart,IA,41.573966,-94.339598
West Memphis,AR,35.144685,-90.189236
Atwood,CO,40.55017,-103.27903
Salina,KS,38.823673,-97.642113
Highland,IN,41.546491,-87.457213
Sardinia,OH,39.005468,-83.799563
Ocean Springs,MS,30.405229,-88.758742
Mount Vernon,KY,36.637005,-85.509135
Ocala,FL,29.198907,-82.087425
Port Allen,LA,30.494882,-91.309262
Lake Village,IN,41.108242,-87.418963
Duson,LA,30.187978,-92.168953
New Orleans,LA,29.958304,-90.077
Hays,KS,38.878202,-99.334803
Grantsville,MD,39.655141,-79.124143
Great Falls,MT,47.511219,-111.2755
Bridgman,MI,41.942151,-86.544561
Dodge City,KS,37.690531,-99.902421
Monroe,MI,41.907196,-83.472457
Carlisle,IN,38.966806,-87.384354
Taylorsville,IN,39.295266,-85.949844
Lawrence,KS,39.023294,-95.208909
Cherryvale,KS,37.27034,-95.55248
Matfield Green,KS,38.15918,-96.56057
Springfield,MA,42.170731,-72.604842
Kansas City,KS,39.103053,-94.630384
Ogallala,NE,41.131676,-101.663033
Willard,UT,41.40911,-112.03606
Saint Johns,FL,30.081182,-81.544485
Portage,IN,41.57587,-87.17615
Binghamton,NY,42.165629,-75.890685
Gansevoort,NY,43.204261,-73.707415
Hammond,IN,41.691701,-87.510921
Jacksonville,TX,31.96378,-95.2705
Yuma,AZ,32.701461,-114.657232
Sunbury,OH,40.266029,-82.854334
Seville,OH,41.044552,-81.960694
Hebron,OH,39.974804,-82.511108
Perrysburg,OH,41.535057,-83.577701
Oklahoma City,OK,35.491608,-97.562817
Choctaw,OK,35.51876,-97.249071
Dublin,GA,33.09374,-84.57382
Alliance,NE,42.09302,-102.8702
Ruther Glen,VA,37.948572,-77.437767
Woodburn,IN,41.125044,-84.874249
Rock Port,MO,40.411994,-95.507551
Gilbert,SC,33.925422,-81.410107
Orangeburg,SC,33.490935,-80.821825
Alamosa,CO,37.479933,-105.790967
Toomsuba,MS,32.41847,-88.50698
Pembina,ND,48.85897,-97.288585
Guymon,OK,36.729713,-101.426147
Laredo,TX,27.515879,-99.494078
Moore,MT,46.974485,-109.693316
Heiskell,TN,36.087461,-84.041266
Knoxville,TN,36.032334,-83.884804
Van Horn,TX,31.03912,-104.824473
Lore City,OH,40.052671,-81.435723
Gainesville,GA,33.09374,-84.57382
West Point,MS,33.621135,-88.609136
Wanatah,IN,41.421123,-86.872078
Peru,IL,41.32753,-89.12897
Maumelle,AR,34.857241,-92.390298
Gary,IN,41.599336,-87.336338
Egan,LA,30.256951,-92.486465
Troutdale,OR,45.525007,-122.390049
Rock Springs,WY,41.634515,-109.149045
Prosser,WA,46.148328,-119.559674
Cottondale,AL,33.18178,-87.383843
Concordia,MO,39.015918,-93.59571
Sidney,NE,41.161943,-103.066015
Lebanon,NH,43.637148,-72.23546
Montgomery,NY,41.52759,-74.23682
Geneva,OH,41.7769,-80.949898
Edmonton,AB,37.000783,-85.609522
Albany,OR,44.65345,-123.139526
Holladay,TN,35.905992,-88.078052
Nanton,AB,41.332034,-96.949369
Canutillo,TX,31.907296,-106.596493
Thorofare,NJ,39.84234,-75.19629
Summit,SD,45.30204,-97.036537
Randolph,NY,42.162,-78.97532
Wichita,KS,37.651974,-97.258997
Ottumwa,IA,41.030933,-92.409827
Greenup,KY,38.57313,-82.83017
Evans,CO,40.37637,-104.69219
Alexandria,MO,40.357643,-91.45886
Barneveld,WI,43.008396,-89.897387
North Chicago,IL,42.324027,-87.856704
Sylvania,GA,33.09374,-84.57382
Pelham,AL,33.293157,-86.767961
Mc Calla,AL,33.299704,-87.048881
Conway,AR,35.065889,-92.362875
Phoenix,AZ,33.703967,-112.351835
Quartzsite,AZ,33.729219,-114.192454
Blackfoot,ID,43.251328,-112.464518
Lake City,FL,30.105451,-82.68778
Marianna,FL,30.799574,-85.229347
Thomson,GA,33.494908,-82.513847
Denison,IA,42.037235,-95.381819
Parkersburg,IA,42.655813,-92.824122
Eden,ID,42.586804,-114.246706
Wadsworth,IL,42.440139,-87.940027
Ina,IL,38.155485,-88.819501
Oakwood,IL,40.133222,-87.756376
Divernon,IL,39.569165,-89.662571
Greenfield,IN,39.821787,-85.775403
Knightstown,IN,39.7956,-85.52636
Cedar Creek,TX,30.083931,-97.486885
Shelbyville,IN,39.511568,-85.791993
Terre Haute,IN,39.433602,-87.410094
Valparaiso,IN,41.454731,-87.065565
Emporia,KS,38.434153,-96.152766
Georgetown,KY,38.239718,-84.574498
Lebanon Junction,KY,37.83451,-85.7319
Saint Francisville,LA,30.869398,-91.418642
Leominster,MA,42.52509,-71.75979
Perryville,MD,39.571449,-76.033281
Kalamazoo,MI,42.264543,-85.561545
Paw Paw,MI,42.243011,-85.930846
Austin,MN,43.699305,-92.976818
Pillager,MN,46.32944,-94.475
Bowling Green,MO,39.316369,-91.174859
Lamar,MO,37.519054,-94.336385
Palmyra,MO,39.794531,-91.609424
Sedalia,MO,38.703138,-93.240166
West Plains,MO,36.74651,-91.882912
Corinth,MS,34.87589,-88.591575
Greenville,MS,33.314539,-91.02297
Red Banks,MS,34.893744,-89.564928
Mebane,NC,36.087114,-79.306093
Sanford,NC,35.469782,-79.171723
Wilmington,NC,34.271985,-77.963628
Wilson,NC,35.723264,-77.925269
Grand Island,NE,40.87227,-98.368698
Bordentown,NJ,40.101535,-74.724711
Fairfield,NJ,40.875948,-74.29681
Mahwah,NJ,41.083159,-74.185895
Palmyra,NJ,40.00706,-75.02823
Milan,NM,35.16976,-107.89089
Rolling Prairie,IN,41.686609,-86.599414
Canton,OH,40.79979,-81.375811
Lima,OH,40.772147,-84.0471
Montpelier,OH,41.606061,-84.588777
Billings,OK,36.513543,-97.408128
Clinton,OK,35.51561,-98.96731
Covington,IN,40.096833,-87.352877
Breezewood,PA,39.98344,-78.251177
Gettysburg,PA,39.840922,-77.226591
Lafayette,IN,40.417778,-86.889633
Mechanicsburg,PA,40.182917,-77.004599
Lugoff,SC,34.260265,-80.731308
Cheyenne,WY,41.092356,-104.936269
Chesnee,SC,35.14845,-81.86094
Rockmart,GA,33.993766,-85.091511
Florence,SC,34.205933,-79.82626
Inman,SC,35.075367,-82.02964
Lexington,SC,33.925183,-81.248345
Beech Island,SC,33.470747,-81.8639
Duncan,SC,34.905552,-82.124414
Greeneville,TN,36.131582,-82.869219
Chattanooga,TN,35.017818,-85.206426
Memphis,TN,35.050667,-89.847782
Amarillo,TX,35.20603,-101.839602
Brownfield,TX,33.172013,-102.335299
Dilley,TX,28.763313,-99.217995
Dumas,TX,35.9216,-101.92026
Freer,TX,27.899181,-98.614928
Seibert,CO,39.322355,-102.881192
Irving,NY,42.543516,-79.101301
Wildersville,TN,35.78145,-88.36032
Des Moines,IA,41.672687,-93.572173
Butte,MT,45.997895,-112.598765
Andrews,TX,32.370377,-102.523255
Jamestown,NM,35.427243,-108.446455
Eighty Four,PA,40.17557,-80.099336
Mc Graw,NY,42.597468,-76.072949
Beaumont,MS,31.185365,-88.920132
Marysville,WA,48.049576,-122.161951
Baltimore,MD,39.296536,-76.623489
Ripley,WV,38.791845,-81.728065
Birmingham,AL,33.456412,-86.801904
Bridgeport,TX,33.21012,-97.75476
Commerce City,CO,39.869835,-104.771527
Bowman,SC,33.341855,-80.565482
Las Cruces,NM,32.290052,-106.753893
Von Ormy,TX,29.28913,-98.64446
Oak Creek,WI,42.886266,-87.89198
Roscoe,TX,32.384442,-100.572217
Plymouth,IN,41.352997,-86.301486
Chicago,IL,41.88531,-87.62213
Cameron,TX,30.812561,-96.902747
Calhoun,LA,32.496897,-92.337078
Fultonville,NY,42.877533,-74.404477
Joplin,MO,37.113343,-94.502663
Dunn,NC,35.272208,-78.568104
Sylacauga,AL,33.189306,-86.238384
Daingerfield,TX,33.044611,-94.739524
Liberal,KS,37.043237,-100.873809
Buna,TX,30.493361,-93.951837
Abbott,TX,31.88454,-97.077218
Howard City,MI,43.382007,-85.442836
Midland,TX,31.992384,-102.081464
Panhandle,TX,35.296115,-101.345689
Perryton,TX,36.408493,-100.687227
Okeechobee,FL,27.420316,-80.945361
Hattiesburg,MS,31.245138,-89.28071
Marshall,TX,32.538112,-94.406228
San Angelo,TX,31.44451,-100.533397
Byron Center,MI,42.81212,-85.72793
San Antonio,TX,29.468413,-98.528889
Sutton,WV,38.654141,-80.67597
Walton,KY,38.88142,-84.665597
Kingman,AZ,35.131719,-113.703932
Benton Harbor,MI,42.14338,-86.348568
Niles,MI,44.662952,-84.089518
Seagoville,TX,32.620763,-96.573555
Lakeville,MN,44.633421,-93.25812
Sterling City,TX,31.882997,-101.030277
Stratford,TX,36.340796,-102.073587
Terrell,TX,32.758408,-96.301323
Three Rivers,TX,27.297687,-97.787713
Tye,TX,32.432954,-99.924042
Whitesboro,TX,33.65622,-96.90695
Cedar City,UT,37.590013,-113.187631
Green River,UT,39.020075,-110.213864
Park City,UT,40.652531,-111.501916
Salina,UT,38.95774,-111.85992
Wellington,KS,37.280877,-97.42223
Woods Cross,UT,40.889027,-111.926646
Austinville,VA,36.854655,-80.922512
Bristol,VA,36.613815,-82.176238
Dublin,VA,37.122327,-80.752614
Lambsburg,VA,36.58637,-80.759966
King George,VA,38.277209,-77.17225
Staunton,VA,38.157368,-79.065116
Gordonsville,VA,38.175906,-78.181467
Suffolk,VA,36.874916,-76.553061
Toms Brook,VA,38.94761,-78.433111
Wytheville,VA,36.92855,-81.146559
Montpelier,VT,44.19906,-72.559638
Grayson,KY,38.324893,-83.000742
Spokane,WA,47.66264,-117.435997
Toledo,WA,46.456038,-122.79498
Bloomer,WI,45.10024,-91.48877
Camp Douglas,WI,43.988481,-90.239261
Marinette,WI,45.086805,-87.716311
Superior,WI,46.574982,-92.117578
Sheboygan,WI,43.71011,-87.735217
Bruceton Mills,WV,39.666293,-79.620241
Huntington,WV,38.371727,-82.412866
Ivydale,WV,38.53565,-81.03483
Mills,WY,42.84052,-106.36586
Casper,WY,42.859875,-106.312561
Douglas,WY,42.894084,-105.389691
Pine Bluffs,WY,41.08498,-104.08995
Wamsutter,WY,41.67301,-107.97925
Seymour,TX,33.620131,-99.263681
Slaton,TX,33.43731,-101.64349
Wickett,TX,31.569243,-103.006747
Logan,UT,41.717722,-111.836493
Richfield,UT,38.738771,-112.074362
Snowville,UT,41.965964,-112.726895
Reedsburg,WI,43.393767,-89.95589
Laramie,WY,41.43902,-105.801022
Thurmont,MD,39.610876,-77.398931
Fairmont,MN,43.674049,-94.51078
Saint Cloud,MN,45.519196,-94.330619
Raphine,VA,37.941296,-79.276332
Mount Nebo,WV,38.20011,-80.85121
Jackson,OH,39.03738,-82.628954
Ravenna,OH,41.163755,-81.172922
Lynn,AL,34.049571,-87.552646
North Little Rock,AR,34.766561,-92.262899
Braselton,GA,34.10927,-83.76267
Register,GA,32.36712,-81.884
Naperville,IL,41.759029,-88.152381
Saint Louis,MO,38.631501,-90.19231
Millbury,OH,41.56616,-83.42465
Cross Plains,TN,36.54866,-86.69611
Bartow,FL,27.918445,-81.790794
Bedford,PA,39.95464,-78.574759
Rock Hill,SC,34.909109,-81.052437
Christiana,TN,35.695974,-86.368041
Portsmouth,VA,36.811498,-76.367715
Prentice,WI,45.532944,-90.28166
Royse City,TX,32.919754,-96.35631
Franklin,OH,39.55895,-84.30411
Janesville,WI,42.738888,-89.0403
Rawlins,WY,41.79107,-107.23866
Penns Grove,NJ,39.72956,-75.46797
Aurora,OR,45.224241,-122.8198
Riverton,WY,43.02496,-108.3801
Nashville,IL,38.331439,-89.3674
Erie,CO,40.05026,-105.04998
Mineral Wells,WV,39.189677,-81.513911
Hanover,KS,39.867079,-96.896534
Hooker,OK,36.810851,-101.216333
Lamar,CO,38.08723,-102.62075
Fremont,IN,41.711462,-84.945643
Heyburn,ID,42.564732,-113.809824
Wells River,VT,44.15423,-72.04704
Downey,ID,42.473005,-112.120195
Clarksville,TN,36.522633,-87.334932
Weedsport,NY,43.046493,-76.555316
Chehalis,WA,46.615653,-123.024845
Tonopah,AZ,33.49365,-112.93712
Tallulah,LA,32.4326,-91.064535
Neosho,MO,36.904539,-94.372328
Pueblo,CO,38.293234,-104.536493
Bainbridge,GA,30.888734,-84.617836
Moulton,AL,34.492894,-87.299281
Sparks,NV,39.540398,-119.749111
New Philadelphia,OH,40.48979,-81.44567
Lewiston,ID,46.3646,-116.860852
Lyman,WY,41.331817,-110.303367
Fargo,ND,46.927094,-96.834703
Dandridge,TN,36.000789,-83.423276
Fort Hall,ID,43.033131,-112.428535
Rustburg,VA,37.283924,-79.090832
Albuquerque,NM,35.199592,-106.644831
Jasper,TX,30.867257,-93.997666
Harrisburg,PA,40.258655,-76.894376
Steele,ND,46.875966,-99.798975
Charlotte,NC,35.26002,-80.804151
Jamestown,ND,46.921005,-98.745485
Monroe,LA,32.502833,-92.094583
Kadoka,SD,43.824178,-101.389524
Knoxville,AL,32.973874,-87.781565
Delta,LA,32.3257,-90.92705
Live Oak,FL,30.175865,-83.030438
Greencastle,PA,39.805922,-77.726127
Cardwell,MO,36.04701,-90.29288
Madison Heights,VA,37.475715,-79.140618
Merrill,WI,45.217518,-89.713291
Dothan,AL,31.148124,-85.371845
Champlain,NY,44.98643,-73.44653
Jackson,GA,33.319863,-83.981112
Grand Junction,CO,39.069019,-108.583126
Calumet,OK,35.547575,-98.151236
Tuscumbia,AL,34.66604,-87.749232
Tulsa,OK,36.063095,-95.804231
Tonkawa,OK,36.67837,-97.31004
Jasper,AL,33.796234,-87.316923
Cookeville,TN,36.217846,-85.542327
New Paris,IN,41.47867,-85.8192
Kent,WA,47.405479,-122.195772
Manchester,TN,35.497637,-86.07482
Colman,SD,43.984778,-96.814237
Perham,MN,46.59667,-95.575
Polk City,FL,28.18251,-81.82397
Oak Grove,KY,36.66505,-87.44279
Bald Knob,AR,35.331399,-91.520754
Pompano Beach,FL,26.234772,-80.120584
Summerville,SC,33.051384,-80.18854
Falfurrias,TX,27.223209,-98.145056
Earle,AR,35.27509,-90.46677
Lusk,WY,42.964197,-104.385106
Milton,PA,40.993883,-76.847896
Central Square,NY,43.28674,-76.14604
Greenland,NH,43.0362,-70.83283
Meridian,MS,32.381605,-88.663489
Longmont,CO,40.164837,-105.103179
Winnsboro,SC,34.387337,-81.082923
Winnfield,LA,31.914948,-92.669269
Metter,GA,33.09374,-84.57382
Jane Lew,WV,39.109143,-80.441713
Federal Way,WA,47.307713,-122.315773
Seguin,TX,29.578734,-97.951829
Remington,IN,40.76087,-87.15085
Georgetown,TX,30.668034,-97.574706
Orlando,FL,28.545179,-81.373291
Algona,IA,43.109313,-94.166994
Boise,ID,43.603768,-116.272921
Savannah,GA,33.09374,-84.57382
Kannapolis,NC,35.462981,-80.672531
Springfield,VT,43.28904,-72.47592
Perry,GA,32.43194,-83.722649
Cartersville,GA,34.200787,-84.847108
Orange,TX,30.071743,-93.864976
Livingston,TX,30.682947,-94.897605
Anna,OH,40.407239,-84.203271
Jefferson,IA,42.007323,-94.372586
South Saint Paul,MN,44.890315,-93.049879
Sinclair,WY,41.780239,-107.117226
Lovelock,NV,40.251285,-118.400276
Winnie,TX,29.823383,-94.475364
Fort Bridger,WY,41.295023,-110.399094
Parowan,UT,37.823412,-112.849246
Saint Joseph,MO,39.765442,-94.844432
Tuscola,IL,39.787385,-88.274137
South Bend,IN,41.673383,-86.251654
Toledo,OH,41.720684,-83.569359
Brazil,IN,39.52365,-87.12502
Wilmington,OH,39.444985,-83.824424
Snow Shoe,PA,41.03089,-77.94945
Alice,TX,27.703829,-98.055296
New Baltimore,MI,42.67424,-82.773842
Warren,IN,40.712066,-85.468798
Hogansburg,NY,44.980232,-74.647334
Albert Lea,MN,43.686288,-93.389838
Chamberlain,SD,43.752355,-99.301892
Loretto,PA,40.517191,-78.61487
Cochranton,PA,41.51838,-80.047368
Albany,NY,42.614852,-73.970812
West Helena,AR,34.530216,-90.681442
Columbus,MT,45.657453,-109.206617
Newport,AR,35.569278,-91.203951
Emporia,VA,36.694745,-77.535517
Burlington,CO,39.30611,-102.26936
Crook,CO,40.85888,-102.80103
Denver,CO,39.760189,-104.996553
Jackson,MN,43.650174,-95.021954
Colorado Springs,CO,38.828893,-104.809929
Perry,OK,36.318709,-97.285561
Greenwood,DE,38.82458,-75.588771
Deer Lodge,MT,46.401859,-112.642136
Bradenton,FL,27.404731,-82.470456
Palisades Park,NJ,40.84816,-73.99764
Fort Lauderdale,FL,26.121323,-80.127909
Lebanon,TN,36.267266,-86.291167
Moberly,MO,39.425513,-92.428348
Lake Placid,FL,27.336002,-81.36628
Mattawan,MI,42.244501,-85.805041
Garland,TX,32.931523,-96.615821
Elk City,OK,35.419594,-99.437791
Macclenny,FL,30.28218,-82.12206
El Dorado,AR,33.187446,-92.630038
Baldwin,WI,44.96663,-92.37436
Anderson,SC,34.506502,-82.605626
Russellville,AR,35.279127,-93.140877
Rocky Mount,VA,36.995127,-79.852489
Miami,FL,25.558428,-80.458168
Pryor,OK,36.307279,-95.271696
Enid,OK,36.402681,-97.843091
Atlanta,GA,33.844371,-84.47405
Douglas,GA,31.509338,-82.857131
Midway,GA,33.09374,-84.57382
Thomasville,GA,30.853592,-83.888269
Bemidji,MN,47.571964,-94.801272
Post Falls,ID,47.719292,-116.96746
Port Wentworth,GA,31.911689,-84.506058
Resaca,GA,34.583318,-84.906803
Grand Prairie,TX,32.776671,-97.009389
Bunker Hill,KS,38.868931,-98.676303
Rising Fawn,GA,34.813904,-85.501868
Jean,NV,35.736806,-115.540529
Lawrenceburg,IN,39.152741,-84.891015
Pleasant View,TN,36.402067,-87.032016
Corfu,NY,42.978522,-78.372338
Shreveport,LA,32.498202,-93.750228
Winchester,KY,37.964922,-84.160724
Conley,GA,33.636858,-84.337139
Gap,PA,40.011961,-76.021595
Colfax,IA,41.684507,-93.222321
Dickinson,ND,46.805716,-102.756514
Hope Hull,AL,32.206441,-86.380464
Dubuque,IA,42.545412,-90.6963
Gilman,IL,40.7667,-87.99226
Peosta,IA,42.432281,-90.808309
Combes,TX,26.252832,-97.743596
Evansdale,IA,42.46915,-92.28102
Richmond Hill,GA,31.93827,-81.30344
Bois D Arc,MO,37.224385,-93.540803
Pulaski,GA,32.390728,-81.952461
New Virginia,IA,41.18222,-93.72883
Missouri Valley,IA,41.605102,-95.908803
Sikeston,MO,36.87672,-89.58786
Moriarty,NM,34.94103,-106.055796
Bethany,MO,40.258215,-94.020972
Toledo,IA,42.068965,-92.551725
Underwood,IA,41.382994,-95.721535
Delco,NC,34.283839,-78.260664
Rogers,MN,45.168896,-93.574586
Waterloo,IA,42.441117,-92.339209
Williamsburg,IA,41.649999,-92.065181
Glencoe,KY,38.732647,-84.805495
Lindale,TX,32.506185,-95.400598
Bonners Ferry,ID,48.814078,-116.398202
Wenatchee,WA,47.573816,-120.351884
Virginia Beach,VA,36.844004,-76.12036
Cornersville,TN,35.354815,-86.829364
Plymouth,UT,41.883058,-112.138837
Bloomington,IL,40.476771,-88.992995
Metropolis,IL,37.228995,-88.714524
Mahomet,IL,40.19531,-88.40422
Fergus Falls,MN,46.275351,-96.089852
Greenwood,LA,32.429968,-93.989086
Wildwood,FL,28.844473,-82.078342
Lexington,VA,37.779976,-79.443495
Warrenton,VA,38.689832,-77.836115
Lincoln,IL,40.162779,-89.398361
Marshall,IL,39.39143,-87.69364
Mokena,IL,41.52614,-87.88922
Bergen,NY,43.073792,-78.019684
Belmont,NY,42.242168,-77.963148
Aledo,TX,32.69596,-97.60225
Accident,MD,39.6287,-79.31976
Smithton,PA,40.155299,-79.738092
Straughn,IN,39.83059,-85.284275
Beach,ND,46.91807,-104.00437
West Liberty,IA,41.56919,-91.26071
Weatherford,TX,32.780766,-97.806778
Mountain Home,ID,43.156195,-115.720455
Trinidad,CO,37.269059,-104.5038
Lincoln,AL,33.61316,-86.11831
Beaumont,TX,30.073712,-94.109705
Motley,MN,46.288105,-94.563773
Three Forks,MT,46.858307,-109.023705
Newton,KS,38.044857,-97.317279
Woodhull,IL,41.208513,-90.230506
Commerce,GA,34.217179,-83.482653
Odessa,TX,31.765163,-102.354346
Nampa,ID,43.595567,-116.61063
Greenville,IL,38.884421,-89.423032
Wauseon,OH,41.59151,-84.178148
Cloverdale,IN,39.51477,-86.7939
Sandusky,OH,41.399129,-82.724417
La Place,LA,30.156056,-90.436745
Corbin,KY,36.854371,-84.184688
Clanton,AL,32.856632,-86.652875
Rural Retreat,VA,36.880988,-81.25526
Wisconsin Rapids,WI,44.340837,-89.73492
Marshall,MI,42.265016,-84.948946
Wilson,WI,44.919366,-92.192828
Billings,MT,45.686966,-108.387392
Centreville,MD,39.084003,-76.091375
Linden,NJ,40.626953,-74.250939
Pevely,MO,38.293157,-90.429283
Mount Vernon,MO,37.064637,-93.824061
Winston,MO,39.874071,-94.153677
Cameron,MO,39.74028,-94.24106
Laurel,MS,31.711733,-89.114317
Taylor,MO,39.913861,-91.541024
Fairmont,WV,39.494115,-80.221282
Whitestown,IN,40.022608,-86.346179
Cuba,MO,38.100081,-91.368908
Quaker City,OH,40.040755,-81.313561
Belden,MS,34.31466,-88.78962
Franklin,KY,36.740598,-86.583305
Hobart,IN,41.53226,-87.25504
Kenly,NC,35.59627,-78.12416
Poynette,WI,43.433273,-89.394518
Montpelier,ID,42.28644,-111.29681
Robertsdale,AL,30.5538,-87.71193
Oakley,KS,38.945805,-100.970176
Atalissa,IA,41.57058,-91.16682
Eunice,LA,30.49437,-92.41763
Monett,MO,36.92895,-93.92771
Elkton,MD,39.56186,-75.87574
Norton,KS,39.827955,-99.891726
Edgerton,WI,42.803797,-89.101389
Neelyville,MO,36.56172,-90.50622
Candler,NC,35.5365,-82.69291
Olathe,KS,38.899901,-94.831991
Hammond,LA,30.533587,-90.455381
Pratt,KS,37.63857,-98.758512
Kearny,NJ,40.75175,-74.122937
Moses Lake,WA,47.180684,-119.298979
Troutville,VA,37.41819,-79.87476
North Lima,OH,40.656203,-84.148673
Tallapoosa,GA,33.770057,-85.261585
Northfield,MN,44.4583,-93.1616
Fremont,OH,41.35622,-83.133981
Le Mars,IA,42.79416,-96.16558
Wrens,GA,33.192426,-82.361546
Manheim,PA,40.155927,-76.464018
Ogden,UT,41.221328,-111.957685
San Simon,AZ,32.26786,-109.22756
Max Meadows,VA,36.905629,-80.924423
Concordia,KS,39.551634,-97.656764
Beaver Dam,KY,37.355569,-86.864676
Meade,KS,37.238357,-100.316583
Caneyville,KY,37.42422,-86.48831
Idaho Falls,ID,43.54241,-111.877936
Glendale,KY,37.60173,-85.90552
Cocoa,FL,28.373,-80.742906
Halsey,OR,44.385837,-123.115961
Punta Gorda,FL,26.902989,-82.046244
East Bernstadt,KY,37.248761,-84.13796
Hancock,MD,39.69898,-78.17973
Marston,MO,36.51895,-89.61258
Limon,CO,39.041435,-103.604851
Mount Airy,NC,36.444303,-80.665406
Mount Vernon,IL,38.787524,-89.040989
Gurdon,AR,33.930011,-93.129994
Columbia,MO,38.894165,-92.274145
Norwood,MO,37.160913,-92.415178
Columbus,NE,41.542962,-97.376314
Columbia,SC,33.987454,-81.024864
Lake Charles,LA,30.233355,-93.214903
Paducah,KY,37.031586,-88.713292
North Canton,OH,40.699991,-80.886068
Mandan,ND,46.71312,-100.952585
Rice,TX,32.24376,-96.4986
Mansfield,LA,32.039947,-93.709777
Yakima,WA,46.722625,-120.406039
Lebanon,IN,40.050302,-86.490381
Sorrento,LA,30.18436,-90.85926
Waddy,KY,38.122662,-85.103096
George West,TX,28.302094,-98.104154
Chicopee,MA,42.154904,-72.602804
Waynesville,NC,35.48871,-82.98875
Dakota,MN,43.91358,-91.35986
Madison,GA,33.591117,-83.492928
Big Rapids,MI,43.69808,-85.48366
Dalhart,TX,36.277826,-102.602022
Jessup,MD,39.155266,-76.813394
Menomonie,WI,44.867809,-91.943198
Marlette,MI,43.357539,-83.002816
Lake Park,GA,30.68215,-83.17959
Perry,MI,44.662952,-84.089518
Port Huron,MI,42.984014,-82.467461
Belgium,WI,43.499631,-87.918042
Sawyer,MI,41.899733,-86.571325
Loganton,PA,41.018519,-77.341611
Linwood,NC,35.743919,-80.349473
Alden,MN,43.733525,-93.532143
Hardeeville,SC,32.244037,-81.074835
Monee,IL,41.412269,-87.786645
Faribault,MN,44.36287,-93.267456
Mankato,MN,44.128325,-93.978863
Rothsay,MN,46.529553,-96.349085
Sauk Centre,MN,45.638568,-94.974275
Shakopee,MN,44.79861,-93.51944
Saint Charles,MN,43.96941,-92.06433
Harrisonburg,VA,38.422777,-78.877137
Mount Holly,NJ,40.00233,-74.7885
Barnhart,MO,38.334232,-90.453027
Lake Mills,WI,43.080902,-88.913251
Rapid City,SD,44.145868,-103.206866
Texarkana,TX,33.411321,-94.177354
Okawville,IL,38.433952,-89.511013
Ozona,TX,30.798496,-101.498604
Beresford,SD,43.08054,-96.77366
Perry,FL,30.17247,-83.609333
Lafayette,LA,30.24171,-91.991044
Petersburg,VA,37.209159,-77.497484
Amelia Court House,VA,37.342768,-77.984092
Arkadelphia,AR,34.031343,-93.111452
Roswell,NM,33.637061,-104.377926
Chillicothe,MO,39.795225,-93.588876
Junction,TX,30.49687,-99.776055
Deerfield,MO,37.83865,-94.50607
South Sioux City,NE,42.459711,-96.457068
Hillsville,VA,36.730347,-80.67507
Eolia,MO,39.280278,-90.980854
Mendon,OH,40.67338,-84.51884
Hannibal,MO,39.736986,-91.45683
Hialeah,FL,25.909809,-80.388874
Holt,MO,39.45278,-94.34217
Fulton,MO,38.830203,-91.966756
Elm Creek,NE,40.779914,-99.331426
Waverly,OH,39.12674,-82.98546
Huntington,OR,44.432748,-117.389163
Batesville,AR,35.768738,-91.652338
Grand Bay,AL,30.498046,-88.332468
Walcott,IA,41.61358,-90.753478
Grain Valley,MO,39.01501,-94.19856
Nevada,MO,37.83921,-94.35467
Portland,MI,44.662952,-84.089518
Dexter,MI,42.353887,-83.898295
Mifflintown,PA,40.571404,-77.317266
Breaux Bridge,LA,30.27353,-91.89928
Heflin,AL,33.627166,-85.502022
Ozark,MO,37.02089,-93.20602
Stony Creek,VA,36.878331,-77.392824
Harrisville,PA,41.13673,-80.00922
Portage,WI,43.53915,-89.46262
Richfield,WI,43.2727,-88.206716
West Coxsackie,NY,42.390394,-73.979062
Gallup,NM,35.534983,-108.737949
Minot,ND,48.084625,-101.419006
El Paso,TX,31.763608,-106.484592
Platte City,MO,39.364716,-94.780639
Dallas,TX,32.781179,-96.790329
South Vienna,OH,39.957723,-83.614481
Richland,MO,37.85698,-92.40434
Foristell,MO,38.81505,-90.95597
Cabool,MO,37.193593,-92.078527
Denton,TX,33.220974,-97.146038
North Bend,WA,47.49566,-121.78678
Napoleon,OH,41.355586,-84.123028
Maryville,MO,40.277742,-94.860299
West Burlington,IA,40.799676,-91.115276
Fredericksburg,VA,38.295135,-77.483689
Saint Peters,MO,38.798819,-90.623673
Simpsonville,KY,38.223861,-85.360625
Malvern,AR,34.36975,-92.839331
Sebring,FL,27.457947,-81.373012
Pauls Valley,OK,34.759696,-97.308819
Braman,OK,36.941212,-97.336335
Edinburg,TX,26.280689,-98.183295
Youngstown,FL,30.383156,-85.51506
Windom,MN,43.87274,-95.11138
Ehrenberg,AZ,33.61767,-114.507697
Batesville,MS,34.343102,-89.956497
Rockwall,TX,32.886,-96.409502
Hampshire,IL,42.0978,-88.53036
Battle Mountain,NV,40.042115,-116.974803
Leavenworth,IN,38.19979,-86.34414
Gulfport,MS,30.382966,-89.102426
Fort Dodge,IA,42.438596,-94.166587
London,KY,37.154931,-84.096062
Dunseith,ND,48.856083,-100.024102
Sayre,OK,35.237521,-99.74838
La Grande,OR,45.29535,-118.164822
Richland,MS,32.935327,-89.89855
Mathis,TX,28.09446,-97.82805
Forest City,MO,40.022472,-95.185611
Wendover,UT,40.73715,-114.03751
Boulder,MT,46.141948,-111.942989
Holland,MI,42.743806,-86.083703
Park City,MT,45.62923,-108.92204
Gillette,WY,44.377283,-105.550237
Faucett,MO,39.604946,-94.854124
Gainesville,TX,33.654698,-97.158295
Pasco,WA,46.42066,-118.899447
Livingston,MT,45.530664,-110.369054
Hagerstown,MD,39.58887,-77.700213
Shelby,MT,48.610551,-111.73233
Whitehall,MT,45.996345,-112.088845
Flagstaff,AZ,35.287661,-111.639303
Millersville,MD,39.05955,-76.64802
Haw River,NC,36.09153,-79.36419
Baker City,OR,44.77487,-117.83438
Johnstown,CO,40.33693,-104.9122
Vero Beach,FL,27.638005,-80.40294
Rensselaer,IN,40.994793,-87.10368
Gurnee,IL,42.375121,-87.939683
Franklin,TN,35.890746,-86.965691
Mocksville,NC,35.906241,-80.54609
Sioux Falls,SD,43.546358,-96.69063
Fremont,NE,41.487786,-96.501672
Cullman,AL,34.111067,-86.853185
Whately,MA,42.442673,-72.652511
Grand Forks,ND,47.866638,-97.141144
Fountain,CO,38.663856,-104.652221
Eagleville,MO,40.50037,-94.013848
Clearwater,MN,45.41941,-94.04887
Grosse Tete,LA,30.371497,-91.412678
Lewis,NY,44.27505,-73.56569
Walterboro,SC,32.925196,-80.703213
Kutztown,PA,40.53907,-75.781445
Ashland,VA,37.754912,-77.480128
Hastings,NE,40.582425,-98.389035
Deming,NM,32.079682,-107.683073
Shrewsbury,MA,42.286992,-71.715313
Lexington,NE,40.873227,-99.718408
Norfolk,NE,42.019977,-97.442989
Valley Grove,WV,40.078249,-80.589611
Duncannon,PA,40.458261,-77.060745
Charleston,WV,38.350719,-81.630359
Palisade,CO,39.095369,-108.299254
Valentine,NE,42.87278,-100.55097
Wisner,NE,41.960145,-96.893932
Portsmouth,NH,43.074812,-70.805443
Tuskegee,AL,32.372144,-85.66671
Umatilla,OR,45.91735,-119.34252
Pendleton,OR,45.67208,-118.7886
Evanston,WY,41.015672,-110.644785
Little America,WY,41.55415,-109.85031
Montague,NJ,41.30315,-74.7935
Fond Du Lac,WI,43.77366,-88.436782
Hudson,WI,44.97469,-92.75687
De Forest,WI,43.24777,-89.34373
Little Chute,WI,44.294746,-88.316305
Belmont,WI,42.73611,-90.33429
Hurricane,WV,38.397097,-81.961657
Tacoma,WA,47.250158,-122.43903
Ellensburg,WA,47.028084,-120.48998
Tumwater,WA,47.087554,-123.021968
Bracey,VA,36.59959,-78.14305
Chesapeake,VA,36.749991,-76.218759
Coralville,IA,41.699942,-91.6332
Beaver,UT,38.27691,-112.64105
Tooele,UT,40.53078,-112.29828
Salt Lake City,UT,40.756095,-111.900719
Farmington,NM,36.740321,-108.178691
Snyder,TX,32.745073,-100.917479
Sweetwater,TX,32.47095,-100.40594
Lubbock,TX,33.588771,-101.850445
Big Spring,TX,32.278703,-101.457761
San Marcos,TX,29.972907,-97.997166
Antioch,TN,36.170556,-86.8825
Denmark,TN,35.540108,-88.988401
Ardmore,TN,35.040439,-86.818172
Aberdeen,SD,45.476172,-98.410405
Murdo,SD,43.879993,-100.75734
Manning,SC,33.618408,-80.21155
Emlenton,PA,41.17728,-79.70783
Milesburg,PA,40.94173,-77.785
Bloomsburg,PA,41.005609,-76.430563
Clearfield,PA,41.037563,-78.435492
Myerstown,PA,40.39037,-76.315043
Brookville,PA,41.162735,-79.081609
Carlisle,PA,40.20148,-77.18887
Lamar,PA,41.01618,-77.5311
Portland,OR,45.507856,-122.690794
London,OH,39.886277,-83.407733
Youngstown,OH,41.017082,-80.802854
Hubbard,OH,41.15645,-80.56924
Apalachin,NY,42.049798,-76.181009
Eaton,OH,39.77485,-84.674889
Buffalo,NY,42.89606,-78.886424
Kingsville,OH,41.846175,-80.647299
Jeffersonville,OH,39.654055,-83.572613
Tower City,ND,46.949236,-97.626101
Saluda,NC,35.257579,-82.288029
Phelps,NY,42.963394,-77.043612
Salisbury,NC,35.680441,-80.45316
Canaan,NY,42.41203,-73.44706
Nichols,NY,42.030061,-76.354752
Glenmont,NY,42.595704,-73.787766
Santa Rosa,NM,34.852639,-104.589897
Clovis,NM,34.497241,-103.294978
Vado,NM,32.11871,-106.648973
Bloomsbury,NJ,40.646294,-75.092934
Paulsboro,NJ,39.83039,-75.24046
Hampton,NJ,40.6667,-74.964692
Las Vegas,NV,36.17372,-115.10647
Big Springs,NE,41.06138,-102.07435
Alda,NE,40.860721,-98.504787
Hershey,NE,41.15861,-101.00265
Omaha,NE,41.262003,-95.933564
Fort Edward,NY,43.26702,-73.58456
Missoula,MT,46.856398,-114.014338
Salamanca,NY,42.15784,-78.71503
Laurel,MT,45.66912,-108.77153
Strafford,MO,37.26838,-93.11713
Oak Grove,MO,39.00501,-94.12939
Matthews,MO,36.715404,-89.628723
Kingdom City,MO,38.959176,-91.92418
Lebanon,MO,37.685459,-92.620542
Tillatoba,MS,33.98484,-89.89676
Belmont,OH,40.004009,-80.988043
Tekonsha,MI,42.13422,-84.972831
Ironton,OH,38.53675,-82.68294
Trenton,MI,42.138209,-83.217937
Battle Creek,MI,42.303041,-85.13044
Wrentham,MA,42.054311,-71.371169
Peabody,MA,42.536996,-70.973646
Bangor,ME,44.848517,-68.850405
Kittery,ME,43.09161,-70.73741
Slidell,LA,30.262109,-89.792557
Port Barre,LA,30.544276,-91.918924
Girard,OH,41.15395,-80.70147
Smiths Grove,KY,37.01823,-86.187045
Sonora,KY,37.515024,-85.950238
Florence,KY,38.962372,-84.747789
Wakeeney,KS,39.020792,-99.888083
Marietta,OH,39.413446,-81.351051
Monroeville,OH,41.192976,-82.696315
Altoona,IA,41.65097,-93.4685
North Baltimore,OH,39.722461,-82.60562
Sioux City,IA,42.494745,-96.399356
Willard,OH,41.085173,-82.710562
Urbandale,IA,41.630449,-93.753628
Gaston,IN,40.309361,-85.432657
Grovertown,IN,41.34963,-86.524321
Peru,IN,40.73991,-86.07581
Cambridge City,IN,39.81255,-85.17163
Clayton,IN,39.711088,-86.495365
Greensburg,IN,39.299802,-85.491781
Morris,IL,41.337433,-88.430183
Marion,IL,37.729571,-88.912852
East Saint Louis,IL,38.644405,-90.140016
Mc Lean,IL,40.31522,-89.194639
Cusseta,AL,32.783137,-85.275581
Forest Park,GA,33.611509,-84.374496
Adairsville,GA,34.3687,-84.93411
Lagrange,GA,33.024347,-85.073906
Pinconning,MI,43.839179,-84.038715
Tampa,FL,27.996097,-82.582035
Branford,CT,41.284746,-72.796292
Milford,CT,41.22232,-73.0565
North Stonington,CT,41.330875,-71.919952
Watkins,CO,39.796784,-104.630327
Wheat Ridge,CO,39.776986,-105.108182
Brush,CO,40.218547,-103.613248
Chickasha,OK,35.127804,-97.937083
Holbrook,AZ,34.90225,-110.15818
Tucson,AZ,32.217975,-110.970869
Copan,OK,36.89758,-95.92609
Willcox,AZ,32.407245,-109.96549
Davis,OK,34.501771,-97.047346
Montgomery,AL,32.356988,-86.257817
Tuscaloosa,AL,33.170238,-87.616169
Erick,OK,35.203883,-99.870825
Fort Myers,FL,26.621074,-81.878139
Villa Ridge,MO,38.453668,-90.889121
Warrenton,MO,38.808454,-91.2166
Glendive,MT,47.180623,-104.774873
York,NE,40.890132,-97.597278
Bradner,OH,41.32422,-83.43854
Dalton,OH,40.79894,-81.69541
Tulia,TX,34.558293,-101.803862
Muskogee,OK,35.70582,-95.50025
Woodbine,GA,33.09374,-84.57382
Shepherdsville,KY,37.959505,-85.704609
Inver Grove Heights,MN,44.828816,-93.039064
Texico,NM,34.38869,-103.05134
Carlin,NV,40.715931,-116.103154
New Paris,OH,39.85699,-84.79329
Beloit,WI,42.562039,-89.086045
Seminole,OK,35.162228,-96.609139
Ridgeway,VA,36.579801,-79.877967
Nephi,UT,39.757861,-111.841787
Pecos,TX,31.446678,-103.57906
Walters,OK,34.321541,-98.319264
Webbers Falls,OK,35.511412,-95.131499
Wood River,NE,40.872494,-98.589324
Allentown,PA,40.602658,-75.469236
Farmington,ME,44.650311,-70.129267
Coopersburg,PA,40.502424,-75.411145
Elverson,PA,40.156293,-75.786492
Greentown,PA,41.320734,-75.199395
Harford,PA,41.77831,-75.69009
Ronks,PA,39.975006,-76.120066
Mount Morris,PA,39.774031,-80.024576
Latta,SC,34.384337,-79.478122
Dalton,PA,41.539797,-75.719723
Wayne,PA,40.043201,-75.357678
West Columbia,SC,33.997527,-81.097406
Lebo,KS,38.41668,-95.85304
Chesterton,IN,41.613626,-87.04613
Cowpens,SC,35.04921,-81.83128
Villa Rica,GA,33.705546,-84.975668
North Augusta,SC,33.526407,-81.939337
Richburg,SC,34.692493,-81.003877
Teays,WV,38.475369,-81.880455
Mauston,WI,43.79719,-90.07735
Lyndon Station,WI,43.714061,-89.949337
Belle Fourche,SD,44.93037,-103.87313
Kimball,SD,43.744477,-98.95381
Anna,TX,33.323709,-96.524804
Plankinton,SD,43.746753,-98.518533
Austinburg,OH,41.772459,-80.856463
Whitsett,NC,36.046202,-79.608882
Burbank,SD,42.74528,-96.82921
Vivian,SD,43.92724,-100.30111
Parish,NY,43.43397,-76.120904
Imlay,NV,40.66074,-118.15042
Pickens,MS,32.88374,-89.97147
Newport,ME,44.863406,-69.266827
La Vergne,TN,36.008511,-86.559194
Moran,KS,37.914394,-95.197671
Maple Hill,KS,39.08472,-96.02805
Whiteland,IN,39.55005,-86.07971
Rochester,IN,41.040988,-86.254272
Palm Bay,FL,28.031367,-80.600412
Opelika,AL,32.694763,-85.395626
Mcallen,TX,26.215816,-98.239592
Dansville,NY,42.61837,-77.737515
Selmer,TN,35.17008,-88.59227
Clive,IA,41.607588,-93.744905
Bremen,GA,33.767997,-85.172928
Florence,KS,38.24446,-96.92808
Nashville,TN,36.165688,-86.778098
Fair Haven,VT,43.59278,-73.26941
Wellington,UT,39.54247,-110.73543
Winamac,IN,41.035862,-86.622156
Bastian,VA,37.15206,-81.15009
Conrad,MT,48.182782,-111.845931
Mendota,IL,41.54725,-89.11759
Indianapolis,IN,39.775092,-86.13216
Abbeville,AL,31.559402,-85.222965
Ashdown,AR,33.704625,-94.130221
El Centro,CA,32.770275,-115.598602
Augusta,GA,33.456687,-81.969184
Newnan,GA,33.369595,-84.819397
Marshalltown,IA,42.036096,-92.998867
Rochelle,IL,42.007405,-89.100359
Memphis,IN,38.467595,-85.769631
Fort Scott,KS,37.821629,-94.714793
Mcpherson,KS,38.376302,-97.670184
Williamsburg,KY,36.747032,-84.139406
Opelousas,LA,30.533657,-92.104961
Dewitt,MI,42.85479,-84.616108
Jackson,MI,42.248979,-84.421104
Saginaw,MI,43.41242,-83.886873
Herculaneum,MO,38.262482,-90.38961
Natchez,MS,31.527752,-91.307025
Troutman,NC,35.679407,-80.898817
Kenmare,ND,48.67475,-102.08266
Gretna,NE,41.098888,-96.239744
Enfield,NH,43.630906,-72.116603
Tucumcari,NM,35.114202,-103.615509
North Las Vegas,NV,36.211456,-115.124148
Winnemucca,NV,41.213481,-117.706799
Bath,NY,42.357464,-77.302789
Sanborn,NY,43.153105,-78.885611
Port Clinton,OH,41.558318,-83.050219
Lawton,OK,34.557945,-98.290973
Norman,OK,35.208566,-97.44451
Drums,PA,41.034017,-76.003059
North East,PA,42.176845,-79.841991
Tafton,PA,41.40453,-75.18295
Kingston Springs,TN,36.102,-87.11501
Alvord,TX,33.355828,-97.708353
Anthony,TX,31.99927,-106.60555
Mount Vernon,TX,34.155524,-99.284002
Elmendorf,TX,29.207578,-98.383291
Black River Falls,WI,44.295394,-90.83128
Fremont,WI,44.272779,-88.833282
Beckley,WV,37.822695,-81.265887
Calgary,AB,41.332034,-96.949369
Memphis,MI,42.941032,-82.804636
Kalama,WA,46.002114,-122.72175
Theodore,AL,30.509877,-88.173001
Lake Panasoffkee,FL,28.781677,-82.121086
Folkston,GA,30.855314,-82.027252
Kokomo,IN,40.506851,-86.171054
Russell,KS,38.905159,-98.784797
Mayfield,KY,36.715599,-88.651839
Jonesville,LA,31.686225,-91.86778
Natchitoches,LA,31.70988,-93.109141
Mount Morris,MI,43.120587,-83.692978
Saltillo,MS,34.304376,-88.667209
Fort Ann,NY,43.443936,-73.489198
Sunnyside,WA,46.373611,-120.01059
Dalton,GA,34.801861,-84.989796
Erie,PA,42.121293,-80.088919
Milldale,CT,41.567845,-72.899757
Globe,AZ,33.566039,-110.757756
Tifton,GA,31.462512,-83.593543
Monument,CO,39.086393,-104.807666
Sturbridge,MA,42.10273,-72.080996
Bolingbrook,IL,41.7006,-88.075006
Monroeville,AL,31.56713,-87.314222
Millen,GA,33.09374,-84.57382
Bowling Green,KY,37.017407,-86.451752
Vinton,LA,30.208206,-93.583787
Saint James,MN,43.982851,-94.604116
Vicksburg,MS,32.339533,-90.834407
Elizabeth,NJ,40.672052,-74.183438
Newark,NJ,40.735642,-74.173988
Oneonta,NY,42.461688,-75.096727
Disputanta,VA,37.150869,-77.213961
Duncansville,PA,40.42341,-78.4339
Bismarck,ND,46.816035,-100.700296
Dundalk,MD,39.2666,-76.49647
Detroit,MI,42.347021,-83.060184
Cedar Springs,MI,43.175953,-85.514105
Rayville,LA,32.445645,-91.743314
Hamilton,AL,34.167583,-87.994648
Alma,AR,35.479157,-94.193334
Doswell,VA,37.86014,-77.46415
Senatobia,MS,34.621336,-89.930083
Blacksburg,SC,35.10953,-81.494193
Truman,MN,43.789856,-94.430809
Franksville,WI,42.785553,-87.995471
Morrilton,AR,35.169237,-92.817379
Wells,NV,41.543923,-114.821761
Davenport,IA,41.521038,-90.574849
Findlay,OH,41.015219,-83.664786
Arlington,WA,48.181498,-121.959469
Falls Creek,PA,41.149752,-78.820695
Falkville,AL,34.361909,-86.899143
Fernley,NV,39.489212,-119.196644
Ringgold,GA,34.888709,-85.118699
Sulphur,LA,30.300185,-93.435063
New Madrid,MO,36.58645,-89.52785
Red Oak,TX,32.51764,-96.80444
Oshkosh,WI,44.062886,-88.535694
Cambridge,OH,40.02701,-81.582025
Ardmore,OK,34.156627,-97.179214
Burlington,NJ,40.07122,-74.86489
Muncy,PA,41.20564,-76.78552
North East,MD,39.60011,-75.94133
Wichita Falls,TX,33.905544,-98.479881
Beaverdam,OH,40.831419,-83.975831
Carnesville,GA,34.363122,-83.254745
Atoka,OK,34.358254,-96.0825
Kingsland,GA,30.784384,-81.692042
Brooklyn,IA,41.759702,-92.436452
Belleville,ON,38.46435,-89.973877
Maysville,KY,38.620653,-83.806657
Ranger,TX,32.46985,-98.67895
Pearl,MS,32.259774,-90.091589
Winslow,AZ,35.02419,-110.69736
Littlefield,TX,33.91731,-102.3249
Sayre,PA,41.97819,-76.599403
Reddick,FL,29.362674,-82.254723
Dillon,MT,45.21631,-112.63752
Kansas City,MO,39.102404,-94.598583
Clinton,TN,36.105314,-84.17446
Buffalo,TX,31.412142,-95.990369
Osseo,WI,44.57218,-91.22738
Rapid River,MI,45.913952,-86.804734
San Antonio,FL,28.331729,-82.300982
Henderson,NE,40.796446,-97.773811
Cleveland,OH,41.489381,-81.667486
Murfreesboro,TN,35.762951,-86.372158
Peculiar,MO,38.715254,-94.472568
Ozark,AR,35.48703,-93.8277
Plattsburgh,NY,44.704021,-73.471148
Saint George,UT,37.185679,-113.609837
Brunswick,GA,31.180919,-81.493973
Yankton,SD,42.94396,-97.37689
Belfield,ND,46.819805,-103.126111
Liverpool,NY,43.112421,-76.189457
Bentleyville,PA,40.11674,-80.00839
Jim Thorpe,PA,40.87592,-75.73241
Plainfield,PA,40.203019,-77.284761
Middletown,PA,40.191241,-76.720142
Bowmansville,PA,40.198042,-76.016233
Newburg,PA,40.150871,-77.579686
Carrington,ND,47.457278,-98.893314
Dickson,TN,36.141461,-87.396417
Conover,NC,35.740848,-81.209458
Del Rio,TX,29.410195,-100.893202
Hereford,TX,34.966095,-102.31309
Avon,OH,41.448492,-82.019866
Piedmont,SC,34.72209,-82.392453
Goodland,KS,39.358123,-101.798885
Stanton,TX,32.200014,-101.823066
Willington,CT,41.896623,-72.262236
Stanfield,OR,45.806358,-119.176169
Sullivan,MO,38.2081,-91.16042
Salome,AZ,33.64797,-113.662489
Salem,OR,44.94878,-123.003655
Haubstadt,IN,38.202701,-87.577358
Monahans,TX,31.5943,-102.89265
Dyer,IN,41.4942,-87.52171
Clinton,SC,34.43492,-81.893558
Eagle Pass,TX,28.781057,-100.312766
Pleasant Hill,NC,36.519869,-77.514565
Aurora,CO,39.739249,-104.862881
Millersport,OH,39.884758,-82.539214
Ballinger,TX,31.770615,-99.911547
Midway,FL,30.475365,-84.480288
New Braunfels,TX,29.696878,-98.070726
Sierra Blanca,TX,31.18395,-105.34095
Okemah,OK,35.462681,-96.430286
Lordsburg,NM,32.315951,-108.723047
Fort Worth,TX,32.771419,-97.291484
Livingston,AL,32.5843,-88.18725
Pittston,PA,41.29823,-75.738725
Lawrence,MS,32.319198,-89.258254
Miles City,MT,46.447808,-105.795343
Du Bois,PA,41.118045,-78.720302
Bronte,TX,31.854544,-100.343161
Springdale,AR,36.16722,-94.240112
Clinton,IA,41.899176,-90.301599
Palestine,AR,34.97232,-90.90262
Joseph City,AZ,34.981359,-110.337348
Fort Pierce,FL,27.412128,-80.534169
Troy,IL,38.721612,-89.895817
Springville,UT,40.180718,-111.562586
Ashford,AL,31.189627,-85.262314
Daleville,AL,31.272415,-85.705129
Enterprise,AL,31.315846,-85.942956
Headland,AL,31.357917,-85.30124
Mount Vernon,AL,33.732286,-88.086009
Maplesville,AL,32.83217,-86.843808
Walsenburg,CO,37.646467,-104.779815
North Haven,CT,41.384381,-72.862644
Zellwood,FL,28.717472,-81.583045
Camilla,GA,31.249152,-84.242837
Dawson,GA,31.76615,-84.438586
Jeffersonville,GA,33.09374,-84.57382
Pelham,GA,31.12768,-84.15185
Monona,IA,43.034025,-91.393408
Onawa,IA,42.021131,-96.129525
Bliss,ID,42.918993,-114.887601
Avenel,NJ,40.582845,-74.27524
Elizabethport,NJ,40.650103,-74.187089
Heyworth,IL,40.31337,-88.97369
Washington,IN,38.689503,-87.121505
Colby,KS,39.40152,-100.973696
South Haven,KS,38.187662,-97.995317
Tribune,KS,38.469704,-101.747853
Crowley,LA,30.210073,-92.379963
Grand Coteau,LA,30.41992,-92.04651
White Marsh,MD,39.389457,-76.411976
Sherman,ME,45.871163,-68.417806
Flint,MI,42.965926,-83.780835
Grayling,MI,44.691777,-84.612941
Manistique,MI,46.006223,-86.25549
Traverse City,MI,44.693963,-85.676342
Wayland,MI,42.685065,-85.642406
Glyndon,MN,46.870695,-96.576425
Carthage,MO,37.182292,-94.314002
Charleston,MO,36.885612,-89.296639
Collins,MO,37.898354,-93.620259
Laddonia,MO,39.243096,-91.66077
Lancaster,MO,40.47037,-92.535566
New Florence,MO,38.892612,-91.453372
Pelahatchie,MS,32.33857,-89.833228
Plentywood,MT,48.747919,-104.468029
Whiteville,NC,34.33878,-78.70307
Alma,NE,40.101761,-99.352846
Merrimack,NH,42.86509,-71.4934
Yorkville,IL,41.601679,-88.437533
Coshocton,OH,40.300934,-81.864066
Dayton,OH,39.750471,-84.268593
Marion,OH,40.584028,-83.101687
Bedford,OH,41.389054,-81.536842
Wooster,OH,40.830699,-81.895377
Dewey,OK,36.79592,-95.93554
Tamaqua,PA,40.79849,-75.937836
Georgetown,SC,33.439327,-79.367525
Pageland,SC,34.768882,-80.3751
Harleyville,SC,33.239304,-80.453386
Huron,SD,44.398874,-98.180113
Bryan,TX,30.639285,-96.362454
Canton,TX,32.55652,-95.8633
New Boston,TX,33.45984,-94.41548
Plainview,TX,34.169757,-101.73385
Shamrock,TX,35.20898,-100.242918
Roanoke,VA,37.274175,-79.95786
Rock Island,WA,47.37707,-120.14395
Cadott,WI,44.94802,-91.1507
Darlington,WI,42.69112,-90.134781
Gassville,AR,36.318799,-92.487866
Golden,CO,39.718539,-105.245659
Sterling,CO,40.715081,-103.211191
Wray,CO,40.068525,-102.392973
Baxley,GA,31.756861,-82.350837
Hawkinsville,GA,32.275664,-83.49009
Eatonton,GA,33.320818,-83.355865
Clarkesville,GA,33.09374,-84.57382
Lithia Springs,GA,33.765457,-84.646946
Louisville,GA,33.028798,-82.437965
Macon,GA,32.804382,-83.617554
Ocilla,GA,31.571754,-83.269632
Rome,GA,33.09374,-84.57382
Wadley,GA,32.863678,-82.407516
Batavia,IA,40.99418,-92.1674
Janesville,IA,42.64609,-92.46296
Postville,IA,43.175423,-91.507751
Barry,IL,39.69421,-91.03902
Bloomingdale,IL,41.950022,-88.091865
Burbank,IL,41.73392,-87.7795
Edwards,IL,40.74587,-89.74427
Hillsdale,IL,41.61364,-90.1729
Lombard,IL,41.869829,-88.003864
Olney,IL,38.709154,-88.085204
Cicero,IL,41.838036,-87.75987
Wenona,IL,41.05253,-89.05036
Georgetown,IN,38.31098,-85.960009
Goshen,IN,41.584839,-85.858059
Jasper,IN,38.360357,-86.929481
Farina,IL,38.832201,-88.776244
Garden City,KS,38.000771,-100.664407
Oberlin,KS,39.820834,-100.529554
Franklin,LA,29.79604,-91.5015
Blandford,MA,42.177833,-72.958359
Framingham,MA,42.320169,-71.440409
Ludlow,MA,42.16009,-72.47592
Westborough,MA,42.364807,-71.896868
Mardela Springs,MD,38.458249,-75.754804
Westover,MD,38.094181,-75.717406
Bay City,MI,43.608773,-83.953007
Canton,MI,44.662952,-84.089518
Clare,MI,43.81947,-84.76863
Fenton,MI,44.662952,-84.089518
Burton,MI,43.025934,-83.604053
Forest Lake,MN,45.246466,-92.949266
New York Mills,MN,46.491294,-95.366068
Thief River Falls,MN,48.076333,-96.149002
Worthington,MN,43.645207,-95.735375
Bloomsdale,MO,38.023217,-90.252806
Eldon,MO,38.320057,-92.478035
Lathrop,MO,39.54834,-94.32995
Perryville,MO,37.727156,-89.862749
Heidelberg,MS,31.892668,-89.077368
Lauderdale,MS,32.52069,-88.5117
Walnut,MS,34.89462,-88.885227
Wiggins,MS,30.847778,-89.086992
Chinook,MT,48.487741,-109.261678
Lewistown,MT,47.06247,-109.42824
Clinton,NC,35.006676,-78.415415
Garner,NC,35.71126,-78.61417
Greensboro,NC,36.069144,-79.765156
Union Grove,NC,36.02458,-80.86618
Devils Lake,ND,48.1,-98.86667
Valley City,ND,46.972286,-98.007534
West Chesterfield,NH,42.90425,-72.51564
Jersey City,NJ,40.726001,-74.047304
Cherry Hill,NJ,39.931978,-75.027557
Cranbury,NJ,40.323116,-74.516597
Carlstadt,NJ,40.828399,-74.076055
Flemington,NJ,40.50786,-74.863283
Mount Laurel,NJ,39.955912,-74.91731
North Brunswick,NJ,40.437705,-74.488547
Phillipsburg,NJ,40.69371,-75.19018
Secaucus,NJ,40.78885,-74.056035
Alamogordo,NM,32.870046,-105.948967
Red Creek,NY,43.238248,-76.752077
Rochester,NY,43.156612,-77.604023
Amherst,OH,41.361746,-82.253828
Clyde,OH,41.321281,-82.948337
Genoa,OH,41.524657,-83.352477
Mantua,OH,41.282355,-81.229924
Maumee,OH,41.571251,-83.685036
New Springfield,OH,40.928876,-80.587833
Oregon,OH,41.656948,-83.44433
Grant,OK,33.94316,-95.51357
Springer,OK,34.304534,-97.134372
Bethel,PA,40.491214,-76.269231
Levittown,PA,40.174246,-74.821857
Somerset,PA,39.990045,-79.08745
Verona,PA,40.50646,-79.8431
Warren,PA,41.84356,-79.172619
Waterfall,PA,40.12758,-78.06278
Greenville,SC,34.848567,-82.402871
Greenwood,SC,34.114209,-82.128301
Greer,SC,34.898246,-82.257851
Hemingway,SC,33.732071,-79.430945
Marion,SC,34.164144,-79.363948
Mitchell,SD,43.69591,-98.086401
Watertown,SD,44.955643,-97.177954
Crossville,TN,35.962348,-85.051431
Kearney,MO,39.374073,-94.363191
Mason,TN,35.443164,-89.563798
Bulls Gap,TN,36.25704,-83.086
Ripley,TN,35.754505,-89.66112
Union City,TN,36.42886,-89.113506
Centerville,TX,31.267759,-95.84123
Seminole,TX,32.671912,-102.805355
Vega,TX,35.224143,-102.421407
Franklin,VA,36.682635,-76.942233
Martinsville,VA,36.681298,-79.86626
Bland,VA,37.127348,-81.15842
Townsend,VA,37.188217,-75.969003
Longview,WA,46.181872,-123.057597
Appleton,WI,44.275702,-88.370856
Barron,WI,45.40135,-91.84906
Bristol,WI,42.553518,-88.028986
Horicon,WI,43.422045,-88.624268
Redgranite,WI,44.04192,-89.09845
Sparta,WI,43.949925,-90.752783
Whitewater,WI,42.784255,-88.592559
Cranbrook,BC,45.784462,-93.552152
Etobicoke,ON,44.655522,-92.256292
Orono,ON,44.655522,-92.256292
Sarnia,ON,44.655522,-92.256292
Gloucester,ON,42.630011,-70.694179
Jonestown,PA,40.430902,-76.480732
Concord,ON,37.953672,-122.022872
Clinton,AR,35.568709,-92.41875
Wiggins,CO,40.159839,-104.046791
Hastings,FL,29.68875,-81.406081
Hazlehurst,GA,31.806871,-82.626991
Delaware,IA,42.476609,-91.311248
El Paso,IL,40.684846,-89.106751
Belvidere,IL,42.276381,-88.823215
Bristol,IN,41.712983,-85.824845
Owensboro,KY,37.751818,-87.257303
Ashland,KY,38.473824,-82.647933
Cut Off,LA,29.509589,-90.335128
Gaylord,MI,44.662952,-84.089518
New Boston,MI,42.135225,-83.390422
Smiths Creek,MI,42.905056,-82.567942
Ionia,MI,42.973427,-85.090548
Big Timber,MT,45.834206,-109.950025
West Fargo,ND,46.927094,-96.834703
Gordon,NE,42.763456,-102.314593
Northwood,NH,43.208676,-71.202568
South Amboy,NJ,40.436865,-74.250942
Charleston,TN,35.224608,-84.717221
Tully,NY,42.830037,-76.124357
Cincinnati,OH,39.166759,-84.53822
Warfield,VA,36.8957,-77.82583
Twinsburg,OH,41.313304,-81.440435
Lake Ariel,PA,41.452686,-75.321884
Alexandria,PA,40.54851,-78.095064
West Greenwich,RI,41.631168,-71.667165
Charleston,SC,32.780326,-79.940844
Schertz,TX,29.578978,-98.277839
Omak,WA,48.426942,-119.560672
Sturtevant,WI,42.712962,-87.934013
Marion,AR,35.21453,-90.19648
Springfield,IL,39.800698,-89.648801
Berea,KY,37.592589,-84.235247
Le Roy,IL,40.35198,-88.76424
North Platte,NE,41.102555,-100.74907
Checotah,OK,35.492196,-95.517816
Fairview,TN,36.495885,-87.897248
Clear Brook,VA,39.271865,-78.099763
Decatur,TX,33.260148,-97.610974
Edmond,OK,35.674777,-97.499681
Stevens Point,WI,44.510664,-89.638254
Saint George,SC,33.186,-80.57565
Colfax,NC,36.094489,-80.004721
Nitro,WV,38.41481,-81.84402
Decatur,AL,34.608016,-87.011052
Cordele,GA,31.917178,-83.785365
Caldwell,ID,43.661908,-116.65629
Suamico,WI,44.63194,-88.03927
Byron,GA,32.618051,-83.788976
Tennille,GA,32.873449,-82.782879
Columbus,OH,40.100924,-83.013402
Avoca,IA,41.433448,-95.342363
Burbank,OH,40.927483,-81.996351
Lake Havasu City,AZ,34.48025,-114.348519
Ontario,OR,44.093127,-117.079896
Minooka,IL,41.45531,-88.26173
Middletown,DE,39.485721,-75.677535
Lexington,KY,38.016674,-84.486043
Temple,GA,33.09374,-84.57382
Chouteau,OK,36.187866,-95.261554
Hayti,MO,36.23368,-89.74953
Jackson,MS,32.289656,-90.184201
Lufkin,TX,31.301706,-94.641414
Palatka,FL,29.690907,-81.708149
Oakdale,WI,43.971514,-90.361161
Winnebago,IL,42.26613,-89.24122
Rockford,IL,42.33342,-89.157198
Whitmore Lake,MI,42.386914,-83.783736
West Monroe,LA,32.565664,-92.172926
Flowood,MS,32.330663,-90.091793
Rayne,LA,30.256405,-92.261328
New Albany,MS,34.488692,-88.963649
Satsuma,AL,30.85324,-88.05611
Junction City,KS,39.026465,-96.783359
Rio Rico,AZ,31.508436,-111.075695
Mount Sterling,KY,38.052103,-83.924711
Seffner,FL,27.983633,-82.275647
Greenbrier,AR,35.211744,-92.376242
Mcdonough,GA,33.476762,-84.055005
Homerville,GA,31.050929,-82.76133
Athens,GA,33.09374,-84.57382
Independence,IA,42.506055,-91.81214
Cokeville,WY,42.247455,-110.941119
Olive Branch,MS,34.921172,-89.869062
Jamestown,SC,33.286,-79.69257
Saint Matthews,SC,33.696732,-80.867833
Wilmer,TX,32.603835,-96.673223
Torrington,WY,42.072314,-104.187474
Wellston,MI,44.662952,-84.089518
Bow,NH,43.128256,-71.544599
Crump,TN,35.219095,-88.319171
Prescott,AR,33.776791,-93.289132
Lee,FL,30.41966,-83.30042
Winona,MS,33.514926,-89.628584
Newport News,VA,37.058296,-76.463471
De Witt,IA,41.841735,-90.55621
Wixom,MI,42.520533,-83.549145
Louisville,KY,38.25247,-85.753812
Milwaukee,WI,43.043213,-87.894734
North Salt Lake,UT,40.844595,-111.919115
Robstown,TX,27.795517,-97.752083
Jackson,TN,35.570424,-88.862742
West Wendover,NV,40.7391,-114.07334
Caldwell,OH,39.744446,-81.483049
Iowa,LA,30.23687,-93.01376
Kinston,NC,35.242923,-77.51666
Beatrice,NE,40.313364,-96.693082
Blairs,VA,36.67986,-79.37308
Chester,VA,37.320744,-77.454311
Gaffney,SC,35.00549,-81.63383
Pendleton,KY,38.473652,-85.300936
Calhoun,GA,34.496921,-84.887942
Roland,OK,35.416163,-94.52271
Afton,OK,36.69369,-94.96302
Houma,LA,29.578671,-90.805402
Saint Michael,MN,45.20996,-93.66496
Manteno,IL,41.25059,-87.83143
La Salle,IL,41.365092,-89.0866
Fairfield,TX,31.767543,-96.138094
Ottawa Lake,MI,41.772724,-83.704835
New Deal,TX,33.729589,-101.83551
Higginsville,MO,39.063374,-93.74083
Williams,IA,42.477733,-93.554643
Liberty,MO,39.298945,-94.436314
South Beloit,IL,42.49307,-89.03678
Owatonna,MN,44.047613,-93.223724
Saint Paul,MN,44.951483,-93.090649
Circleville,OH,39.597084,-82.945899
Biloxi,MS,30.409826,-88.880304
White Pine,TN,36.077612,-83.299826
Waco,TX,31.552011,-97.1382
Woodward,OK,36.438017,-99.442977
Sulphur Springs,TX,33.126435,-95.600838
Clayton,NM,36.451155,-103.162935
Glade Spring,VA,36.74578,-81.773242
Eufaula,OK,35.318019,-95.588523
Mulberry,AR,35.565805,-94.124776
Boaz,AL,34.146146,-86.146749
Calera,AL,33.138832,-86.725315
Carlisle,AR,34.7309,-91.75149
Magnolia,AR,33.206807,-93.224021
Mansfield,AR,35.063448,-94.243268
Texarkana,AR,33.431043,-93.876485
Bellemont,AZ,35.23807,-111.8335
Boles,AR,34.77955,-94.0491
Benson,AZ,32.035885,-110.262611
Mayer,AZ,34.414534,-112.163493
Fruita,CO,39.149614,-108.685164
Kissimmee,FL,28.30639,-81.425522
Chatsworth,GA,34.785543,-84.771623
Jefferson,GA,34.10601,-83.589021
Lula,GA,33.09374,-84.57382
Midland,GA,32.565782,-84.850953
Valdosta,GA,30.753904,-83.332068
Dillon,SC,34.422187,-79.341359
Percival,IA,40.742301,-95.761779
Red Oak,IA,41.030516,-95.19404
Joliet,IL,41.509668,-88.180211
New Berlin,IL,39.768067,-89.854952
Bloomington,IN,39.07881,-86.435094
Warrenville,IL,41.805422,-88.171551
Butler,IN,41.426441,-84.912517
Elkhart,IN,41.71873,-85.937024
Frankfort,IN,40.304355,-86.468915
Howe,IN,41.711914,-85.367474
Middlebury,IN,41.67533,-85.7061
Broussard,LA,30.1606,-91.963869
Fredonia,KS,37.571672,-95.748418
Wathena,KS,39.75916,-94.94969
Garnett,KS,38.232767,-95.286458
Leon,KS,37.66475,-96.748795
Severy,KS,37.61705,-96.225157
Morgantown,KY,37.20017,-86.685898
Alexandria,LA,31.274156,-92.467107
Amite,LA,30.74483,-90.41058
Delcambre,LA,29.94826,-91.98873
Convent,LA,30.02076,-90.82982
Belle Chasse,LA,29.84727,-90.00679
Larose,LA,29.56692,-90.37625
Marrero,LA,29.837276,-90.112449
Springhill,LA,32.994947,-93.509177
Vivian,LA,32.84233,-93.950401
Uxbridge,MA,42.059736,-71.638438
North Oxford,MA,42.166241,-71.891052
Brandywine,MD,38.658807,-76.824293
Alma,MI,43.375171,-84.678002
Lennon,MI,42.98966,-83.900264
Parma,MI,42.257902,-84.580681
Romulus,MI,42.22226,-83.3966
Warren,MI,44.662952,-84.089518
Little Falls,MN,45.980055,-94.245867
Willmar,MN,45.147104,-94.977723
Fair Grove,MO,37.370209,-93.175093
Springfield,MO,37.25807,-93.343673
Grand Ledge,MI,42.700035,-84.766787
Wakefield,MI,44.662952,-84.089518
Cohasset,MN,47.26356,-93.62022
Lucedale,MS,30.866791,-88.649035
Durham,NC,35.99924,-78.897944
Creedmoor,NC,36.108089,-78.671974
Monroe,NC,35.074176,-80.527827
Londonderry,NH,42.8712,-71.387776
Wade,NC,35.142518,-78.745001
Warsaw,NC,35.01803,-78.031022
Greenwood,NE,40.96278,-96.44112
Lincoln,NE,40.865142,-96.823133
East Brunswick,NJ,40.427697,-74.421695
Ridgefield,NJ,40.83315,-74.004233
Woodbridge,NJ,40.553254,-74.288023
Las Vegas,NM,35.551539,-104.985643
Saint Pauls,NC,34.797081,-78.968753
Trenton,NJ,40.280531,-74.712018
South Plainfield,NJ,40.572065,-74.413545
Carlsbad,NM,32.416897,-104.46539
Tatum,NM,33.252178,-103.317675
Cayuta,NY,42.272948,-76.693628
Schenectady,NY,42.880035,-73.991321
Akron,OH,41.04349,-81.524017
Broadview Heights,OH,41.314053,-81.673099
Coolville,OH,39.246862,-81.830623
Harrison,OH,39.259888,-84.759577
Tiffin,OH,41.12453,-83.144773
Upper Sandusky,OH,41.603806,-82.715427
Altus,OK,34.663039,-99.280343
Calera,OK,33.932249,-96.430781
Okmulgee,OK,35.612514,-95.966857
Waurika,OK,34.168309,-98.000691
Weatherford,OK,35.538228,-98.703175
Bensalem,PA,40.10455,-74.95128
Etters,PA,40.150726,-76.798353
King Of Prussia,PA,40.095288,-75.382861
White Haven,PA,41.06064,-75.77408
Batesburg,SC,33.90792,-81.54733
Bishopville,SC,34.207324,-80.306569
Enoree,SC,34.65652,-81.9651
Newberry,SC,34.310027,-81.608611
Ravenel,SC,32.787774,-80.224756
Roebuck,SC,34.829502,-81.947247
Leesville,SC,33.895434,-81.423918
Round O,SC,32.93712,-80.54094
Winfred,SD,43.9972,-97.36229
Carthage,TX,32.183133,-94.309189
Hawley,TX,32.642251,-99.923862
Danville,VA,36.603501,-79.376228
Fort Stockton,TX,30.886367,-102.890491
Hamilton,TX,31.671399,-98.107585
Iowa Park,TX,33.969067,-98.717032
Kosse,TX,31.312973,-96.629121
Memphis,TX,34.730964,-100.539782
Prairie Hill,TX,31.661096,-96.760043
Premont,TX,27.36059,-98.12362
Timpson,TX,31.905616,-94.42602
Trenton,TX,33.413778,-96.30401
Vidor,TX,30.15549,-93.935765
Tremonton,UT,41.68849,-112.255453
South Boston,VA,36.679767,-78.952947
Ferndale,WA,48.861113,-122.608561
Arcadia,WI,44.251711,-91.387699
Bonduel,WI,44.699153,-88.454312
New Church,VA,37.97901,-75.53104
Waynesboro,VA,38.065794,-78.903445
Plover,WI,44.413942,-89.565507
Mountain View,MO,36.974825,-91.76979
Marion,NC,35.684187,-82.034672
Canton,MS,32.625298,-90.008601
Loxley,AL,30.61825,-87.75305
Fairburn,GA,33.591462,-84.608907
South Holland,IL,41.60087,-87.60699
Lenexa,KS,38.953617,-94.733571
Lincoln Park,MI,42.242038,-83.180375
Livonia,MI,42.369351,-83.371753
Bridgeton,MO,38.7514,-90.411542
Madison,WI,43.060926,-88.230636
New Berlin,WI,42.969924,-88.177554
Mountain Top,PA,41.166401,-75.961432
Richmond,IN,39.832079,-84.889699
Broken Bow,OK,33.953477,-94.828998
Pueblo Of Acoma,NM,34.776465,-107.564562
Napanee,ON,44.655522,-92.256292
Hurricane Mills,TN,35.923959,-87.810501
Shelby,NC,35.312012,-81.556777
Haslet,TX,32.941139,-97.353767
Biddeford,ME,43.492125,-70.485368
Jerome,ID,42.736869,-114.374568
Brundidge,AL,31.713427,-85.816261
Centre,AL,34.110859,-85.590218
Fackler,AL,34.79258,-85.90998
Mobile,AL,30.701142,-88.103184
Northport,AL,33.270519,-87.581612
Phenix City,AL,32.495317,-85.024588
Altoona,AL,34.07097,-86.209599
Cabot,AR,34.97453,-92.01653
Clarksville,AR,35.473886,-93.516564
Huntsville,AR,36.028046,-93.778748
Osceola,AR,35.70508,-89.96953
East Dublin,GA,32.493414,-82.943064
Saint Gabriel,LA,30.25279,-91.085716
Mc Leansville,NC,36.108629,-79.670689
Waukesha,WI,43.022155,-88.204676
Morton,IL,40.591322,-89.425339
Spiceland,IN,39.83838,-85.43886
Westville,IN,41.54143,-86.90058
Plainfield,CT,41.688121,-71.884113
Ainsworth,IA,41.351113,-91.581212
Benton,AR,34.485476,-92.585282
London,ON,44.655522,-92.256292
Hanna,AB,41.869647,-106.552216
Brewton,AL,31.129427,-87.096126
Prattville,AL,32.50919,-86.440879
Thomasville,AL,31.91349,-87.73584
Valley,AL,32.81874,-85.17939
Brinkley,AR,34.883421,-91.194574
Dumas,AR,33.875244,-91.488393
Fayetteville,AR,35.974602,-94.190997
Boonville,MO,38.884444,-92.733329
Meeker,CO,39.967864,-108.043592
Boynton Beach,FL,26.645895,-80.430269
Branford,FL,29.95912,-82.92818
Brooksville,FL,28.586197,-82.395858
Middleburg,FL,30.031702,-81.848401
West Palm Beach,FL,26.538269,-80.056751
Americus,GA,32.040432,-84.215282
Buena Vista,GA,32.254152,-84.489818
Donalsonville,GA,30.918229,-84.867238
Fortson,GA,32.60708,-84.93715
Lumber City,GA,31.931373,-82.682963
Moultrie,GA,31.183438,-83.789698
Statesboro,GA,32.425,-81.784956
Bevington,IA,41.36055,-93.79078
Chariton,IA,41.046868,-93.309464
Floyd,IA,43.136067,-92.77932
Fort Madison,IA,40.596949,-91.434473
Mediapolis,IA,41.012819,-91.127994
Muscatine,IA,41.462426,-91.053888
Osceola,IA,41.029937,-93.775845
Pella,IA,41.40805,-92.91631
Riverside,IA,41.47974,-91.58128
Spirit Lake,IA,43.407002,-95.121813
Storm Lake,IA,42.693184,-95.151811
Walnut,IA,41.47749,-95.22194
Wever,IA,40.7129,-91.23819
Council,ID,44.853452,-116.548601
Grangeville,ID,45.869801,-116.19729
Wilder,ID,43.657855,-116.919629
Downs,IL,40.398907,-88.868647
Goodfield,IL,40.62976,-89.27481
Macomb,IL,40.459904,-90.660675
Martinsville,IL,39.325782,-87.850086
Willow Springs,IL,41.74087,-87.86033
Wood Dale,IL,41.96336,-87.97896
Decatur,IN,40.81911,-84.93785
Medaryville,IN,41.072624,-86.849745
Waterloo,IN,41.461019,-85.019562
Iola,KS,37.885757,-95.391057
Hiawatha,KS,39.791367,-95.600405
Johnson,KS,37.562997,-101.707858
Powhattan,KS,39.761448,-95.635089
Strong City,KS,38.390683,-96.538737
Sublette,KS,37.482236,-100.848783
Campbellsville,KY,37.337416,-85.357952
Isom,KY,37.193211,-82.875397
Nicholasville,KY,37.866238,-84.579491
Russell Springs,KY,37.05618,-85.08857
Willisburg,KY,37.843697,-85.128804
Westwego,LA,29.920768,-90.204326
Morgan City,LA,29.697653,-91.265374
Bossier City,LA,32.573112,-93.699378
Gramercy,LA,30.04742,-90.68981
Gray,LA,29.6936,-90.770768
Mansura,LA,31.064478,-92.049086
Saint Martinville,LA,30.223672,-91.779374
Raceland,LA,29.683764,-90.627822
Saint Rose,LA,29.95809,-90.31195
Starks,LA,30.312173,-93.643003
Thibodaux,LA,29.808328,-90.750268
Delhi,LA,32.45764,-91.49317
Westminster,MA,42.549489,-71.913219
Big Pool,MD,39.62371,-78.01583
Hurlock,MD,38.643824,-75.863003
Newburg,MD,38.364718,-76.917398
Auburn,ME,44.087422,-70.243848
Medway,ME,45.618608,-68.543602
Portland,ME,43.658784,-70.262393
Riverview,MI,42.17421,-83.17937
Cadillac,MI,44.335278,-85.549093
Casco,MI,42.767364,-82.672786
Champion,MI,46.466637,-87.920429
Dearborn,MI,42.310037,-83.177625
Newberry,MI,46.460159,-85.515605
Reed City,MI,43.952029,-85.414718
Belleville,MI,42.177312,-83.488444
Wyoming,MI,42.897707,-85.692805
Alexandria,MN,45.902017,-95.420589
Clara City,MN,44.992549,-95.36042
Duluth,MN,47.005566,-92.001934
Kasson,MN,44.017216,-92.790593
Circle Pines,MN,45.185565,-93.129272
Waite Park,MN,45.55719,-94.22416
Jackson,MO,37.434218,-89.634617
Mansfield,MO,37.168407,-92.573487
Republic,MO,37.12005,-93.48019
Ridgedale,MO,36.50395,-93.22379
Savannah,MO,39.953094,-94.837827
Byhalia,MS,34.87232,-89.69064
Collins,MS,31.652811,-89.578002
Columbia,MS,31.218188,-89.801872
Ellisville,MS,31.611088,-89.171825
Florence,MS,32.15348,-90.1312
Mathiston,MS,33.540161,-89.130294
New Augusta,MS,31.2024,-89.03477
Newton,MS,32.32126,-89.16339
Terry,MS,32.09626,-90.29426
Water Valley,MS,34.101631,-89.633458
Bethel,NC,35.757803,-77.39351
Goldsboro,NC,35.368277,-78.092871
Lumberton,NC,34.608106,-78.934474
Morehead City,NC,34.727798,-76.770987
New Bern,NC,35.125849,-76.977181
Oak City,NC,35.970377,-77.251106
Winston Salem,NC,36.111102,-80.200493
Rugby,ND,48.254504,-99.989912
Hebron,NE,40.240562,-97.64485
Laurel,NE,42.42944,-97.08977
Overton,NE,40.801246,-99.521933
Roca,NE,40.661609,-96.664859
Scottsbluff,NE,41.922838,-103.622904
Syracuse,NE,40.645896,-96.169603
Trenton,NE,40.176356,-101.010823
Wayne,NE,42.206417,-96.979049
Epping,NH,43.047595,-71.084411
East Rutherford,NJ,40.828399,-74.093886
Edison,NJ,40.519753,-74.393444
Richwood,NJ,39.716166,-75.16344
Clementon,NJ,39.80364,-75.005762
Ledgewood,NJ,40.88121,-74.65599
North Bergen,NJ,40.80427,-74.01208
Towaoc,CO,37.212,-108.72638
Pennsauken,NJ,39.96484,-75.0565
Vineland,NJ,39.495524,-75.008665
Lemitar,NM,34.153754,-106.912543
Algodones,NM,35.38006,-106.47284
Hawthorne,NV,38.52557,-118.62738
Harpursville,NY,42.186306,-75.67618
Limestone,NY,42.02729,-78.62947
Otego,NY,42.441165,-75.148268
Peru,NY,44.554081,-73.569296
Seneca Falls,NY,42.905264,-76.794921
Ashland,OH,40.826965,-82.296131
Brookpark,OH,41.401,-81.832107
Bucyrus,OH,40.832674,-82.973876
Massillon,OH,40.814381,-81.497182
Rossford,OH,41.60977,-83.56438
Ashville,OH,39.71562,-82.95296
Steubenville,OH,40.406817,-80.662786
Hugo,OK,34.018892,-95.514473
Idabel,OK,33.89566,-94.82633
Oologah,OK,36.448241,-95.704667
Thackerville,OK,33.79344,-97.14307
Brantford,ON,44.655522,-92.256292
Hamilton,ON,39.425137,-84.472925
Pickering,ON,40.45082,-94.84219
Union Point,GA,33.61568,-83.0746
Wyoming,ON,,
Crescent,PA,40.557753,-80.227975
East Berlin,PA,39.9376,-76.97859
East Earl,PA,40.142759,-76.019741
Everett,PA,39.966962,-78.458753
Fairless Hills,PA,40.17837,-74.85248
Hershey,PA,40.269748,-76.636357
Mill Hall,PA,41.071123,-77.476304
Liberty,PA,41.583782,-77.138826
Nanty Glo,PA,40.47229,-78.83336
Natrona Heights,PA,40.6234,-79.72977
Stockertown,PA,40.75399,-75.26212
Feasterville Trevose,PA,40.139277,-74.981002
York,PA,39.962998,-76.727139
Aiken,SC,33.554433,-81.69588
Aynor,SC,33.939968,-79.041027
North Charleston,SC,33.08079,-80.260544
Honea Path,SC,34.4465,-82.39151
Johns Island,SC,32.624718,-80.040587
Prosperity,SC,34.188062,-81.552888
Saint Stephen,SC,33.33618,-79.92364
Lennox,SD,43.298098,-96.856021
Wolsey,SD,44.44945,-98.487894
Bristol,TN,36.531703,-82.192545
Cumberland City,TN,36.39339,-87.63641
Fayetteville,TN,35.168227,-86.601925
Kingston,TN,35.816595,-84.521104
Smyrna,TN,35.959541,-86.53159
Abilene,TX,32.576489,-99.665323
Chillicothe,TX,34.25647,-99.51676
Ennis,TX,32.333778,-96.63479
Friona,TX,34.627408,-102.784361
Vernon,TX,34.155524,-99.284002
Gonzales,TX,29.543029,-97.543969
Pharr,TX,26.1948,-98.18362
Rockport,TX,28.013108,-97.09364
Atkins,VA,36.869374,-81.399235
Cross Junction,VA,39.32038,-78.29334
Front Royal,VA,38.928308,-78.174537
Leesburg,VA,39.041987,-77.605404
Pound,VA,37.088727,-82.623231
Alburgh,VT,44.060542,-72.673307
Brattleboro,VT,42.884281,-72.760753
Bear Creek,WI,44.53137,-88.72649
Edgar,WI,44.904647,-90.012469
Friendship,WI,43.997966,-89.777051
Green Bay,WI,44.480778,-88.016063
Hartford,WI,43.357616,-88.319032
Kewaskum,WI,43.499425,-88.206447
Larsen,WI,44.194993,-88.688629
Lomira,WI,43.59138,-88.44371
Necedah,WI,44.022637,-90.130552
New Lisbon,WI,43.911145,-90.165918
Plainfield,WI,44.21386,-89.49234
Prairie Du Chien,WI,43.084008,-91.069064
Trego,WI,45.966368,-91.886372
West Salem,WI,43.897572,-91.120198
Windsor,WI,43.207783,-89.34178
Wittenberg,WI,44.8272,-89.16956
Chester,WV,40.61312,-80.56285
West Union,WV,39.296522,-80.774491
Evansville,WY,42.899153,-106.175375
Thermopolis,WY,43.775844,-108.383949
Marengo,OH,40.406317,-82.782091
Blythe,GA,33.29264,-82.20151
Champaign,IL,40.10789,-88.244266
Haughton,LA,32.53265,-93.50406
La Porte,IN,41.537585,-86.73764
Clinton,NJ,40.63677,-74.90989
New Milford,PA,41.890486,-75.688114
Statesville,NC,35.868681,-80.890285
Litchfield,IL,39.17533,-89.65426
Watertown,NY,43.968892,-75.906501
Albany,KY,36.745738,-85.181967
Moncton,NB,39.566189,-76.597891
Louisville,MS,33.101687,-89.068098
Kamloops,BC,45.784462,-93.552152
Dade City,FL,28.416397,-82.212104
Bunkie,LA,30.95325,-92.18263
Ithaca,MI,43.249453,-84.60379
Minnesota City,MN,44.081907,-91.73508
Edenton,NC,36.135621,-76.580107
Casa Blanca,NM,35.0456,-107.47144
Irving,TX,32.767268,-96.777626
Encinal,TX,28.040526,-99.356329
Catlettsburg,KY,38.349127,-82.649833
Saint Augustine,FL,29.918235,-81.367087
Zanesville,OH,39.927415,-82.004058
Avondale,AZ,33.4356,-112.3496
Hermiston,OR,45.84041,-119.28946
Decatur,IL,39.839477,-88.946486
Cottage Grove,WI,43.071165,-89.196996
Wasco,OR,45.59179,-120.69811
Midlothian,TX,32.431364,-96.978849
Richfield,OH,41.235492,-81.621093
Holland,IA,42.44797,-92.817924
Newport,TN,36.00244,-83.159605
Sault Sainte Marie,MI,46.4953,-84.345317
Newton Lower Falls,MA,42.328708,-71.2559
Poplar Bluff,MO,36.778764,-90.440688
Hartford,TN,35.82414,-83.098214
Kosciusko,MS,33.055142,-89.5913
Keysville,VA,37.013846,-78.567247
Stewartville,MN,43.884346,-92.503744
Searchlight,NV,35.48306,-114.91579
Pine Grove,PA,39.957584,-75.70101
Granite City,IL,38.70144,-90.14872
Greenwood,IN,39.62181,-86.175319
Princeton,IL,41.424736,-89.452044
